{
    "avg_area": {
        "Kulfi": 81272.66071428571,
        "GreenChutney": 108333.84782608696,
        "Chai": 40885.60784313725,
        "PalakPaneer": 247837.30434782608,
        "AlooGobi": 262507.5,
        "Ghevar": 217176.25,
        "Jalebi": 277382.5909090909,
        "Samosa": 90073.88636363637,
        "CoconutChutney": 92182.61538461539,
        "RasMalai": 185434.5172413793,
        "Idli": 39805.535211267605,
        "OnionPakoda": 318172.45454545453,
        "RajmaCurry": 260740.7,
        "AlooMasala": 331156.45454545453,
        "BhindiMasala": 300036.3076923077,
        "FishCurry": 241224.39024390245,
        "Poha": 240274.61904761905,
        "Biryani": 292576.89285714284,
        "ShahiPaneer": 246090.0,
        "Chole": 155083.925,
        "Bhatura": 112902.65217391304,
        "DumAloo": 236703.72727272726,
        "Dosa": 189528.11764705883,
        "WhiteRice": 185820.81395348837,
        "Lassi": 103735.54285714286,
        "GulabJamun": 27479.873015873014,
        "MuttonCurry": 255687.75,
        "Dal": 211913.81818181818,
        "Kheer": 128542.25,
        "Kebab": 48039.71232876712
    },
    "calorie_dict": {
        "Idli": 39,
        "Dosa": 120,
        "Biryani": 350,
        "Samosa": 150,
        "Chai": 100,
        "WhiteRice": 130,
        "RajmaCurry": 210,
        "PalakPaneer": 220,
        "Chole": 200,
        "Dal": 150,
        "FishCurry": 220,
        "MuttonCurry": 300,
        "ShahiPaneer": 240,
        "OnionPakoda": 150,
        "Kheer": 180,
        "Kulfi": 220,
        "Lassi": 180,
        "Poha": 140,
        "AlooMasala": 180,
        "AlooGobi": 150,
        "BhindiMasala": 170,
        "Chutney": 70,
        "GulabJamun": 150,
        "RasMalai": 250,
        "Jalebi": 200,
        "Kebab": 250,
        "Ghevar": 300,
        "Bhatura": 230,
        "CoconutChutney": 60
    }
}